0,1,2,3,4,5,6
AAACA,98.90094960711757,3.086408249111832,0.007119858049986443,3.661311644025471,1.1278575394854715,0.004855650406860995
AAACC,99.2028815997007,3.6755208146835288,0.007299257639647463,3.9847772927655334,1.120331264075508,0.005101056197651728
AAACT,106.1751291528586,2.872605571084087,0.007975642760995027,3.8502907161095816,1.0966357740660246,0.005516069593113667
AGACA,126.40461712847785,5.778515674528683,0.009816248348660093,3.6582001229789016,2.5488696478971287,0.005946881368788716
AGACC,127.17749434470652,5.520129310971909,0.01007974466825829,3.066504639944158,2.527880954320694,0.006213412903344438
AGACT,130.53650009411206,4.947459211939566,0.009830269118573572,3.8452407813578717,2.265210206942421,0.005797191662753091
GAACA,95.91250607241659,3.2495142228507405,0.0075003095857673185,3.1270926437761064,1.6406758139889552,0.004596145299706728
GAACC,94.71669309179221,3.887484425722661,0.007150412128430457,3.2687789900673265,1.4684205885162303,0.004317217827880011
GAACT,100.7928504435897,3.3704015233042846,0.007381106231122369,3.11468303271933,1.7045080013464742,0.0046724670868971184
GGACA,118.22080431787026,6.9884850099583415,0.008987362876196005,5.082828931152345,3.07387730736481,0.006339187825399245
GGACC,119.5964958928553,6.817566880851654,0.009253147535793491,4.3571447238788075,3.1504936253350198,0.006498194935661788
GGACT,122.78728486409426,5.5216977154287585,0.009118638493757308,3.977806283558802,2.5201858929674072,0.005876446369156306
TAACA,94.02204116794567,2.284501187831206,0.007115503741357441,2.7343460920731095,1.0946586432061922,0.00452659385274777
TAACC,93.30337808011488,2.649417792858322,0.007096691524302461,2.7419278053085017,1.0145181231463076,0.004393378609012385
TAACT,98.66889546506756,2.4658753146966217,0.006955824158516655,2.668717441750816,1.3060940646386128,0.004326430790396093
TGACA,116.28478592205143,8.103702668674373,0.007365253585130411,4.846728729365385,2.6869314100313053,0.004606028269799097
TGACC,117.78332698773438,8.216849033652288,0.007593598203238666,4.284191681068915,2.806838245245159,0.004795129828189168
TGACT,121.1894853484786,7.4039867372385775,0.007279706699618317,4.498449352612548,2.6007271800034872,0.004454632861462916
